{"iteration": 2, "OverRot": 7.701943645419502, "RotBac": 8.234696071798751, "iter_num": 40, "iter_to_Insert": 2}