{"iteration": 2, "OverRot": 4.548737038427775, "RotBac": 7.721148420317737, "iter_num": 40, "iter_to_Insert": 2}