{"MisesStress": 38.93767166137695, "Xcoord": 0.03288084268569946, "Zcoord": 0.6474396586418152}