{"MisesStress": 41.74363708496094, "Xcoord": 0.21014264225959778, "Zcoord": -0.14710503816604614}